Title,Company,Position,Region,URL
FT/PT Remote AI Prompt Engineering & Evaluation - Will Train,DataAnnotation.tech,Contract,USA Only/UK Only/Canada Only,https://weworkremotely.com/remote-jobs/dataannotation-tech-ft-pt-remote-ai-prompt-engineering-evaluation-will-train
Professional Freelance Writer,Data Annotation,Contract,USA Only/UK Only/Canada Only/Oceania Only,https://weworkremotely.com/remote-jobs/data-annotation-professional-freelance-writer
Content Writer,Groove,Full-Time,Anywhere in the World,https://weworkremotely.com/remote-jobs/groove-content-writer
Remote Inside Sales,Report Owl LLC,Contract,Anywhere in the World,https://weworkremotely.com/remote-jobs/report-owl-llc-remote-inside-sales
Business Analyst,Elite Software Automation,Full-Time,Anywhere in the World,https://weworkremotely.com/remote-jobs/elite-software-automation-business-analyst
Site Reliability Engineer,Sticker Mule,Full-Time,Anywhere in the World,https://weworkremotely.com/remote-jobs/sticker-mule-site-reliability-engineer-1
Content Writer,ProWriterSites,Contract,Anywhere in the World,https://weworkremotely.com/remote-jobs/prowritersites-content-writer
Freelance Writer to Simplify Legalese,Legalcom Group,Contract,Anywhere in the World,https://weworkremotely.com/remote-jobs/legalcom-group-freelance-writer-to-simplify-legalese-4
Graphic Designer,BBE Marketing Inc,Full-Time,Anywhere in the World,https://weworkremotely.com/remote-jobs/bbe-marketing-inc-graphic-designer
"Senior Software Engineer, Web",Speechify Inc,Contract,Anywhere in the World,https://weworkremotely.com/remote-jobs/speechify-inc-senior-software-engineer-web
Marketing Automation SaaS + Services Line of Business Owner,New Law Business Model,Full-Time,Anywhere in the World,https://weworkremotely.com/remote-jobs/new-law-business-model-marketing-automation-saas-services-line-of-business-owner
Remote Data Entry Clerk,NoGigiddy,Contract,USA Only,https://weworkremotely.com/remote-jobs/nogigiddy-remote-data-entry-clerk
Senior Backend Engineer,Toggl,Full-Time,Anywhere in the World,https://weworkremotely.com/remote-jobs/toggl-senior-backend-engineer-2
"Chat Support Agent (Remote) - Entry Level, No Degree Required - 15 - 18 per Hour",NoGigiddy,Full-Time,USA Only,https://weworkremotely.com/remote-jobs/nogigiddy-chat-support-agent-remote-entry-level-no-degree-required-15-18
Senior Software Engineer | Ecommerce dev-tool startup,Medusa,Full-Time,Anywhere in the World,https://weworkremotely.com/remote-jobs/medusa-senior-software-engineer-ecommerce-dev-tool-startup
Remote Customer Success Specialist,NoGigiddy,Full-Time,USA Only,https://weworkremotely.com/remote-jobs/nogigiddy-remote-customer-success-specialist
Cloud Security Engineer,XM,Full-Time,Anywhere in the World,https://weworkremotely.com/remote-jobs/xm-cloud-security-engineer
Customer Success Representative,Prospect,Full-Time,Anywhere in the World,https://weworkremotely.com/remote-jobs/prospect-customer-success-representative-1
React/Node Fullstack Developer,CloudDevs,Full-Time,Latin America Only/Europe Only/EMEA Only/Asia Only,https://weworkremotely.com/remote-jobs/clouddevs-react-node-fullstack-developer-3
Online English Teacher,Native Camp,Contract,Anywhere in the World,https://weworkremotely.com/remote-jobs/native-camp-online-english-teacher-23
Remote Customer Support Job,AiApply.co,Full-Time,Anywhere in the World,https://weworkremotely.com/remote-jobs/aiapply-co-remote-customer-support-job
Senior PHP Web Developers,XM,Full-Time,Anywhere in the World,https://weworkremotely.com/remote-jobs/xm-senior-php-web-developers-2
UI/UX Designer,Files.com,Full-Time,Anywhere in the World,https://weworkremotely.com/remote-jobs/files-com-ui-ux-designer
Customer Support Rep II,"LeadSimple, Inc.",Contract,Latin America Only,https://weworkremotely.com/remote-jobs/leadsimple-inc-customer-support-rep-ii
Full Stack Ruby Engineer,OpenPlay,Full-Time,USA Only,https://weworkremotely.com/remote-jobs/openplay-full-stack-ruby-engineer
Client Onboarding for Corporate Services (Bank Accounts department),Flag Theory,Full-Time,Europe Only,https://weworkremotely.com/remote-jobs/flag-theory-client-onboarding-for-corporate-services-bank-accounts-department
Remote Administrative Assistant,NoGigiddy,Full-Time,USA Only,https://weworkremotely.com/remote-jobs/nogigiddy-remote-administrative-assistant
WP All Import: SEO Strategist & Writer,WP All Import,Full-Time,Anywhere in the World,https://weworkremotely.com/remote-jobs/wp-all-import-wp-all-import-seo-strategist-writer
Customer Support Agent,ClipboardHealth,Full-Time,North America Only/Latin America Only/Americas Only/Canada Only,https://weworkremotely.com/remote-jobs/clipboardhealth-customer-support-agent
Administrative Assistant,BBE Marketing Inc,Full-Time,Anywhere in the World,https://weworkremotely.com/remote-jobs/bbe-marketing-inc-administrative-assistant-5
Project Manager,"VEXXHOST, Inc.",Full-Time,Anywhere in the World,https://weworkremotely.com/remote-jobs/vexxhost-inc-project-manager
Recruiter & Admin Role,miniExtensions,Contract,Anywhere in the World,https://weworkremotely.com/remote-jobs/miniextensions-recruiter-admin-role
Entry-Level Remote Social Media Manager ($20-$27/hr),NoGigiddy,Full-Time,USA Only,https://weworkremotely.com/remote-jobs/nogigiddy-entry-level-remote-social-media-manager-20-27-hr
Software Engineer (Backend),Sticker Mule,Full-Time,Anywhere in the World,https://weworkremotely.com/remote-jobs/sticker-mule-software-engineer-backend-2
"Technical Support Specialist (Remote) - Entry Level, No Degree Required, 15 - 18",NoGigiddy,Full-Time,USA Only,https://weworkremotely.com/remote-jobs/nogigiddy-technical-support-specialist-remote-entry-level-no-degree-required-15-18
Customer Support Associate II,The Common Market,Full-Time,Anywhere in the World,https://weworkremotely.com/remote-jobs/the-common-market-customer-support-associate-ii-2
Content Writer,Fortune Writers Inc,Full-Time,Anywhere in the World,https://weworkremotely.com/remote-jobs/fortune-writers-inc-content-writer-2
Online Marketing Client Manager,Blank Canvas Hospitality Group,Contract,Anywhere in the World,https://weworkremotely.com/remote-jobs/blank-canvas-hospitality-group-online-marketing-client-manager
Senior Product Manager,Toggl,Full-Time,Anywhere in the World,https://weworkremotely.com/remote-jobs/toggl-senior-product-manager-2
Remote Content Writer (Full-Time/Part-Time),NoGigiddy,Full-Time,USA Only,https://weworkremotely.com/remote-jobs/nogigiddy-remote-content-writer-full-time-part-time
"Community manager (3 days a week, one weekday + weekends)",Product Hunt,Full-Time,Anywhere in the World,https://weworkremotely.com/remote-jobs/product-hunt-community-manager-3-days-a-week-one-weekday-weekends
Social Media Manager,AiApply,Full-Time,Anywhere in the World,https://weworkremotely.com/remote-jobs/aiapply-social-media-manager
Digital markeing lead.,Magic Web Solutions,Contract,Anywhere in the World,https://weworkremotely.com/remote-jobs/magic-web-solutions-digital-markeing-lead
Founding Frontend Engineer,Starbridge AI,Full-Time,Anywhere in the World,https://weworkremotely.com/remote-jobs/starbridge-ai-founding-frontend-engineer
Virtual Assistants with customer service and sales experience,The Ward Law Group,Full-Time,Latin America Only,https://weworkremotely.com/remote-jobs/the-ward-law-group-virtual-assistants-with-customer-service-and-sales-experience
Part-time Generative AI Content Creator,Contra,Contract,Anywhere in the World,https://weworkremotely.com/remote-jobs/contra-part-time-generative-ai-content-creator-1
Marketing Coordinator,We Work Remotely,Full-Time,Anywhere in the World,https://weworkremotely.com/remote-jobs/we-work-remotely-marketing-coordinator
 Entry-Level Account Manager,NoGigiddy,Contract,USA Only,https://weworkremotely.com/remote-jobs/nogigiddy-entry-level-account-manager
Remote Transcription Specialist,NoGigiddy,Full-Time,USA Only,https://weworkremotely.com/remote-jobs/nogigiddy-remote-transcription-specialist
"Customer Happiness Advocate (Remote - UK, Finland, Spain)",Trifecta Retail Ventures,Full-Time,Europe Only,https://weworkremotely.com/remote-jobs/trifecta-retail-ventures-customer-happiness-advocate-remote-uk-finland-spain
Part-Time UGC Content Creator,Contra,Contract,Anywhere in the World,https://weworkremotely.com/remote-jobs/contra-part-time-ugc-content-creator-1
Remote Customer Service Rep Up to 19/hour - No Degree Needed,NoGigiddy,Contract,USA Only,https://weworkremotely.com/remote-jobs/nogigiddy-remote-customer-service-rep-up-to-19-hour-no-degree-needed-1
Remote Full-Stack TypeScript Engineer,Pillser,Full-Time,Anywhere in the World,https://weworkremotely.com/remote-jobs/pillser-remote-full-stack-typescript-engineer
"Senior Software Engineer, Full Stack",Doximity,Full-Time,Anywhere in the World,https://weworkremotely.com/remote-jobs/doximity-senior-software-engineer-full-stack
Part Time Marketing Strategist,Contra,Contract,Anywhere in the World,https://weworkremotely.com/remote-jobs/contra-part-time-marketing-strategist
Newsletter writer: almost 500k developers!,SitePoint,Contract,Anywhere in the World,https://weworkremotely.com/remote-jobs/sitepoint-newsletter-writer-almost-500k-developers
Contact Center Sales and Service Advisor - Phones - Remote Optional,Delta Defense LLC,Full-Time,USA Only,https://weworkremotely.com/remote-jobs/delta-defense-llc-contact-center-sales-and-service-advisor-phones-remote-optional
Part-Time Full Stack Engineer,Contra,Contract,Anywhere in the World,https://weworkremotely.com/remote-jobs/contra-part-time-full-stack-engineer-1
Part-time Product Designer,Contra,Contract,Anywhere in the World,https://weworkremotely.com/remote-jobs/contra-part-time-product-designer-2
Account Manager,dofollow.com,Contract,Anywhere in the World,https://weworkremotely.com/remote-jobs/dofollow-com-account-manager
Sales Development Representative (SDR) - B2B Sales Expert,Contra,Contract,Anywhere in the World,https://weworkremotely.com/remote-jobs/contra-sales-development-representative-sdr-b2b-sales-expert
Senior Support Manager,"LeadSimple, Inc.",Full-Time,USA Only/North America Only,https://weworkremotely.com/remote-jobs/leadsimple-inc-senior-support-manager-1
Office Coordinator,Royal Moving & Storage Inc.,Contract,Anywhere in the World,https://weworkremotely.com/remote-jobs/royal-moving-storage-inc-office-coordinator
Sales & Client Manager for Relocation Agency (Thailand based role),Great Good Venture Studio,Full-Time,Anywhere in the World,https://weworkremotely.com/remote-jobs/great-good-venture-studio-sales-client-manager-for-relocation-agency-thailand-based-role
Business Development Representative,"LeadSimple, Inc.",Contract,Anywhere in the World,https://weworkremotely.com/remote-jobs/leadsimple-inc-business-development-representative-3
Full-Stack Wordpress Developer,BBE Marketing Inc,Full-Time,Anywhere in the World,https://weworkremotely.com/remote-jobs/bbe-marketing-inc-full-stack-wordpress-developer-12
Remote Data Analyst,HonestGuru,Full-Time,Anywhere in the World,https://weworkremotely.com/remote-jobs/honestguru-remote-data-analyst
Account Manager,Saucal,Full-Time,Anywhere in the World,https://weworkremotely.com/remote-jobs/saucal-account-manager
Frontend Developer / Engineer for an AI Tech Chatbot Called Clepher,Clepher,Full-Time,Latin America Only/EMEA Only/Asia Only/Africa Only,https://weworkremotely.com/remote-jobs/clepher-frontend-developer-engineer-for-an-ai-tech-chatbot-called-clepher-1
Ruby on Rails Engineer with Shopify App Experience,Rivo Commerce,Full-Time,Anywhere in the World,https://weworkremotely.com/remote-jobs/rivo-commerce-ruby-on-rails-engineer-with-shopify-app-experience
Finance & Accounting Officer,Moonrail Limited,Contract,EMEA Only,https://weworkremotely.com/remote-jobs/moonrail-limited-finance-accounting-officer
Medical Transcriptionist,The Medical Transcription Service,Contract,Anywhere in the World,https://weworkremotely.com/remote-jobs/the-medical-transcription-service-medical-transcriptionist
Head of Marketing,Doist,Full-Time,Anywhere in the World,https://weworkremotely.com/remote-jobs/doist-head-of-marketing
Fullstack .NET MVC Developer,CloudDevs,Full-Time,USA Only/North America Only/Latin America Only/Americas Only/Europe Only/UK Only/Canada Only/EMEA Only/Oceania Only,https://weworkremotely.com/remote-jobs/clouddevs-fullstack-net-mvc-developer
Senior MS Power BI Developer,Proxify AB,Full-Time,Latin America Only/Europe Only/EMEA Only,https://weworkremotely.com/remote-jobs/proxify-ab-senior-ms-power-bi-developer
Senior Independent Software Developer ($90-$170/hr),A.Team,Contract,Anywhere in the World,https://weworkremotely.com/remote-jobs/a-team-senior-independent-software-developer-90-170-hr
Part Time Full Stack Engineer,AiApply.co,Contract,Anywhere in the World,https://weworkremotely.com/remote-jobs/aiapply-co-part-time-full-stack-engineer
 RevOps Data Analyst US/Europe,Hostaway,Full-Time,Anywhere in the World,https://weworkremotely.com/remote-jobs/hostaway-revops-data-analyst-us-europe
Senior Backend Engineer - Java/Kotlin,Starbridge,Full-Time,Anywhere in the World,https://weworkremotely.com/remote-jobs/starbridge-senior-backend-engineer-java-kotlin
Technical Customer Success Engineer,commercebuild,Full-Time,Anywhere in the World,https://weworkremotely.com/remote-jobs/commercebuild-technical-customer-success-engineer-1
Part-Time Lead Generator,Contra,Contract,Anywhere in the World,https://weworkremotely.com/remote-jobs/contra-part-time-lead-generator
Senior Independent Product Manager/Product Designer ($90-$170/hr),A.Team,Full-Time,Anywhere in the World,https://weworkremotely.com/remote-jobs/a-team-senior-independent-product-manager-product-designer-90-170-hr
Senior Frontend Developer (React.js+Next.js),Proxify AB,Full-Time,Latin America Only/Europe Only/EMEA Only,https://weworkremotely.com/remote-jobs/proxify-ab-senior-frontend-developer-react-js-next-js
Software Engineer for AI Training Data (Python),G2i Inc.,Contract,Anywhere in the World,https://weworkremotely.com/remote-jobs/g2i-inc-software-engineer-for-ai-training-data-python
Principal Engineer,MusicX,Full-Time,Anywhere in the World,https://weworkremotely.com/remote-jobs/musicx-principal-engineer
Senior Product Owner/Manager with Arabic,Netguru S.A.,Contract,Anywhere in the World,https://weworkremotely.com/remote-jobs/netguru-s-a-senior-product-owner-manager-with-arabic
Customer Success Manager,Vidalytics,Full-Time,North America Only,https://weworkremotely.com/remote-jobs/vidalytics-customer-success-manager
Senior Shopify Developer (Remote + Flexible),Storetasker,Contract,Anywhere in the World,https://weworkremotely.com/remote-jobs/storetasker-senior-shopify-developer-remote-flexible-3
Social Media Manager/Researcher,Lemon.io,Contract,Anywhere in the World,https://weworkremotely.com/remote-jobs/lemon-io-social-media-manager-researcher
Full-Stack Ruby on Rails Developer,DesignFiles,Contract,Europe Only/UK Only/Africa Only,https://weworkremotely.com/remote-jobs/designfiles-full-stack-ruby-on-rails-developer-4
"Creative designer (brand, web, marketing)",Cliniko,Full-Time,Anywhere in the World,https://weworkremotely.com/remote-jobs/cliniko-creative-designer-brand-web-marketing
Customer Implementation Pilot,"LeadSimple, Inc.",Full-Time,Anywhere in the World,https://weworkremotely.com/remote-jobs/leadsimple-inc-customer-implementation-pilot-3
Customer Service Manager - Remote Position,Globe Life AO,Full-Time,USA Only,https://weworkremotely.com/remote-jobs/globe-life-ao-customer-service-manager-remote-position
"French, German or Mandarin online teachers (night shifts)",AE Virtual Class S.A,Contract,Americas Only,https://weworkremotely.com/remote-jobs/ae-virtual-class-s-a-french-german-or-mandarin-online-teachers-night-shifts
Tier II Customer Service Representative-AU Only,Transwood Inc,Full-Time,Oceania Only,https://weworkremotely.com/remote-jobs/transwood-inc-tier-ii-customer-service-representative-au-only
Junior Product Manager,Paymentology,Full-Time,EMEA Only,https://weworkremotely.com/remote-jobs/paymentology-junior-product-manager
Ai Trainer job For Coders/Programmers,CodingJobz,Contract,USA Only/UK Only/Canada Only,https://weworkremotely.com/remote-jobs/codingjobz-ai-trainer-job-for-coders-programmers
Product Design Engineer ,Metalabel,Full-Time,Anywhere in the World,https://weworkremotely.com/remote-jobs/metalabel-product-design-engineer
TikTok/Social Media Manager,PassionRichStudio,Contract,USA Only,https://weworkremotely.com/remote-jobs/passionrichstudio-tiktok-social-media-manager
"Senior GO Developer (DIstributed System, blockchain)",Swarm Foundation,Contract,Anywhere in the World,https://weworkremotely.com/remote-jobs/swarm-foundation-senior-go-developer-distributed-system-blockchain
Software Engineer for AI Training Data (School Specific),G2i Inc.,Contract,Anywhere in the World,https://weworkremotely.com/remote-jobs/g2i-inc-software-engineer-for-ai-training-data-school-specific
Software Support Engineer,CData Virtuality,Full-Time,Anywhere in the World,https://weworkremotely.com/remote-jobs/cdata-virtuality-software-support-engineer
Entry Level Sales Agent - Chat Only - Side Hustle,Used Conex LLC,Contract,USA Only,https://weworkremotely.com/remote-jobs/used-conex-llc-entry-level-sales-agent-chat-only-side-hustle
Intermediate Software Developer,BaxEnergy,Full-Time,Anywhere in the World,https://weworkremotely.com/remote-jobs/baxenergy-intermediate-software-developer
Exceptional Generalist,Automattic,Full-Time,Anywhere in the World,https://weworkremotely.com/remote-jobs/automattic-exceptional-generalist
"Technical Support Representative ‚Äî full time, requires weekend (Sat + Sun) early, standard, and late shifts available ‚Äî $40,000 / year + benefits (Locations: Arizona, California, Florida, Idaho, Oregon, Pennsylvania, Texas, or Washington)",Porkbun,Full-Time,USA Only,https://weworkremotely.com/remote-jobs/porkbun-technical-support-representative-full-time-requires-weekend-sat-sun-early-standard-and
Email Strategy Team Lead,The Email Marketers,Full-Time,Anywhere in the World,https://weworkremotely.com/remote-jobs/the-email-marketers-email-strategy-team-lead
 Senior PHP/Laravel Developer - Full-Stack ,Interaction Design Foundation - IxDF,Full-Time,Anywhere in the World,https://weworkremotely.com/remote-jobs/interaction-design-foundation-ixdf-senior-php-laravel-developer-full-stack
HR Unicorn With Accounting Experience ,Interaction Design Foundation - IxDF,Full-Time,Anywhere in the World,https://weworkremotely.com/remote-jobs/interaction-design-foundation-ixdf-hr-unicorn-with-accounting-experience
German/Mandarin online teachers,AE Virtual Class S.A,Contract,North America Only/Latin America Only/Americas Only,https://weworkremotely.com/remote-jobs/ae-virtual-class-s-a-german-mandarin-online-teachers
Jr. Account Manager & Customer Support,CE Learning Systems,Full-Time,USA Only,https://weworkremotely.com/remote-jobs/ce-learning-systems-jr-account-manager-customer-support
Senior Fullstack Developer (Next.js+React.js),Proxify AB,Full-Time,Latin America Only/Europe Only/EMEA Only,https://weworkremotely.com/remote-jobs/proxify-ab-senior-fullstack-developer-next-js-react-js
Senior Ruby on Rails Developer,Proxify AB,Full-Time,Latin America Only/Europe Only/EMEA Only,https://weworkremotely.com/remote-jobs/proxify-ab-senior-ruby-on-rails-developer
Marketing & Community Manager,Dexifier,Full-Time,Anywhere in the World,https://weworkremotely.com/remote-jobs/dexifier-marketing-community-manager
Principal Java Software Engineer,Teamworks,Full-Time,USA Only/North America Only,https://weworkremotely.com/remote-jobs/teamworks-principal-java-software-engineer
Software Engineer,Paymentology,Full-Time,Europe Only,https://weworkremotely.com/remote-jobs/paymentology-software-engineer-3
Senior Data Scientist,Proxify AB,Full-Time,Latin America Only/Europe Only/EMEA Only,https://weworkremotely.com/remote-jobs/proxify-ab-senior-data-scientist
Senior WordPress Developer,Proxify AB,Full-Time,Latin America Only/Europe Only/EMEA Only,https://weworkremotely.com/remote-jobs/proxify-ab-senior-wordpress-developer-1
DevOps Engineer,Cloudpepper,Full-Time,Anywhere in the World,https://weworkremotely.com/remote-jobs/cloudpepper-devops-engineer
Lead Editor - AI Content & SEO Strategist (USD 800-1500/mo),GrowthX Labs,Full-Time,Anywhere in the World,https://weworkremotely.com/remote-jobs/growthx-labs-lead-editor-ai-content-seo-strategist-usd-800-1500-mo
Senior Product Designer,Automattic,Full-Time,Anywhere in the World,https://weworkremotely.com/remote-jobs/automattic-senior-product-designer-1
Senior Product Manager II,"LeadSimple, Inc.",Full-Time,North America Only/Latin America Only/Americas Only,https://weworkremotely.com/remote-jobs/leadsimple-inc-senior-product-manager-ii
WordPress Technical Supporter (French and English Speaker),OnTheGoSystems,Contract,Anywhere in the World,https://weworkremotely.com/remote-jobs/onthegosystems-wordpress-technical-supporter-french-and-english-speaker
Backend Manager in a Social Media Marketing Agency ,Boese VA,Full-Time,USA Only,https://weworkremotely.com/remote-jobs/boese-va-backend-manager-in-a-social-media-marketing-agency
WordPress Engineer,LawnStarter,Full-Time,Anywhere in the World,https://weworkremotely.com/remote-jobs/lawnstarter-wordpress-engineer
Senior/Staff Software Engineer - Backend/Python - USA (100% Remote),Close,Full-Time,USA Only,https://weworkremotely.com/remote-jobs/close-senior-staff-software-engineer-backend-python-usa-100-remote-3
Full Stack Developer,OnTheGoSystems,Contract,EMEA Only,https://weworkremotely.com/remote-jobs/onthegosystems-full-stack-developer-2
Freelance Content writer/Copywriter,Livingston Research,Contract,Anywhere in the World,https://weworkremotely.com/remote-jobs/livingston-research-freelance-content-writer-copywriter-12
Senior Flutter Developer,Proxify AB,Full-Time,Latin America Only/Europe Only/EMEA Only,https://weworkremotely.com/remote-jobs/proxify-ab-senior-flutter-developer-1
Fullstack Developer,Digismoothie s.r.o.,Contract,Europe Only,https://weworkremotely.com/remote-jobs/digismoothie-s-r-o-fullstack-developer
Senior Mobile Cross-Platform Developer (Firebase),Proxify AB,Full-Time,Latin America Only/Europe Only/EMEA Only,https://weworkremotely.com/remote-jobs/proxify-ab-senior-mobile-cross-platform-developer-firebase
Entry-Level Sales Representative - Remote Opportunity for U.S. Credit Repair Market,Credit Clerk,Full-Time,Latin America Only,https://weworkremotely.com/remote-jobs/credit-clerk-entry-level-sales-representative-remote-opportunity-for-u-s-credit-repair-market-2
"Senior DevOps Engineer (Azure, AWS, GCP)",Proxify AB,Full-Time,Latin America Only/Europe Only/EMEA Only,https://weworkremotely.com/remote-jobs/proxify-ab-senior-devops-engineer-azure-aws-gcp
Software Engineer for AI Training Data (Tier 2),G2i Inc.,Contract,Anywhere in the World,https://weworkremotely.com/remote-jobs/g2i-inc-software-engineer-for-ai-training-data-tier-2
Full Stack Engineer - Full Time,IDVerse / OCR Labs,Full-Time,Anywhere in the World,https://weworkremotely.com/remote-jobs/idverse-ocr-labs-full-stack-engineer-full-time
WordPress Developer Wanted!,On The Map,Full-Time,Anywhere in the World,https://weworkremotely.com/remote-jobs/on-the-map-wordpress-developer-wanted
Full RemoteÔºöBio & Pathology Image Analysis Sr Full Stack Dev,LifeAnalytics,Full-Time,Anywhere in the World,https://weworkremotely.com/remote-jobs/lifeanalytics-full-remote-bio-pathology-image-analysis-sr-full-stack-dev
Full Stack TypeScript Developer - Emergency Response Software,D4H,Full-Time,Europe Only,https://weworkremotely.com/remote-jobs/d4h-full-stack-typescript-developer-emergency-response-software
Senior Java Engineer,Scripta Insights,Contract,USA Only/North America Only/Latin America Only/Americas Only/Europe Only,https://weworkremotely.com/remote-jobs/scripta-insights-senior-java-engineer
Partnerships Director,Paved,Full-Time,Anywhere in the World,https://weworkremotely.com/remote-jobs/paved-partnerships-director
Webdesigner (contractor),Mainmatter,Contract,Europe Only,https://weworkremotely.com/remote-jobs/mainmatter-webdesigner-contractor
Full Stack (React/Python) Developer,Input Logic,Full-Time,Canada Only,https://weworkremotely.com/remote-jobs/input-logic-full-stack-react-python-developer
Mid-Senior Ruby on Rails developer,QuickMail,Full-Time,Europe Only,https://weworkremotely.com/remote-jobs/quickmail-mid-senior-ruby-on-rails-developer
Senior Backend Developer,BaxEnergy,Full-Time,Anywhere in the World,https://weworkremotely.com/remote-jobs/baxenergy-senior-backend-developer
Director of Product,Close,Full-Time,USA Only,https://weworkremotely.com/remote-jobs/close-director-of-product-1
"Content Specialist (U.S. Based, remote)",SimpleTiger,Full-Time,USA Only,https://weworkremotely.com/remote-jobs/simpletiger-content-specialist-u-s-based-remote
Backend Engineer,"GoTu Technology, Inc.",Contract,Latin America Only,https://weworkremotely.com/remote-jobs/gotu-technology-inc-backend-engineer
Remote UI/UX Designer,Pillser,Full-Time,Anywhere in the World,https://weworkremotely.com/remote-jobs/pillser-remote-ui-ux-designer
Account Executive,"LeadSimple, Inc.",Full-Time,North America Only/Latin America Only/Americas Only,https://weworkremotely.com/remote-jobs/leadsimple-inc-account-executive-1
"Frontend Engineer, Landing Page",Speechify Inc,Full-Time,Anywhere in the World,https://weworkremotely.com/remote-jobs/speechify-inc-frontend-engineer-landing-page
Senior Software Engineer (Front End),Manifold,Full-Time,USA Only,https://weworkremotely.com/remote-jobs/manifold-senior-software-engineer-front-end
Video Creator & Editor @ Fun Ecom Co | Great People & Flexible Hours,JLS Trading Co.,Full-Time,Anywhere in the World,https://weworkremotely.com/remote-jobs/jls-trading-co-video-creator-editor-fun-ecom-co-great-people
Senior Fullstack Engineer (Ruby/Rails),TimeZest,Full-Time,Anywhere in the World,https://weworkremotely.com/remote-jobs/timezest-senior-fullstack-engineer-ruby-rails-2
Technical Support Engineer,Chameleon,Full-Time,Americas Only,https://weworkremotely.com/remote-jobs/chameleon-technical-support-engineer-1
PPC Manager,SEO Sherpa,Full-Time,Anywhere in the World,https://weworkremotely.com/remote-jobs/seo-sherpa-ppc-manager-3
Search Quality Rater,Welocalize,Contract,USA Only,https://weworkremotely.com/remote-jobs/welocalize-search-quality-rater
Course Development Engineer ,CodeSignal,Full-Time,Europe Only,https://weworkremotely.com/remote-jobs/codesignal-course-development-engineer
Customer Success Manager,Relay Commerce,Contract,Latin America Only,https://weworkremotely.com/remote-jobs/relay-commerce-customer-success-manager
Senior Full Stack Developer,Niceboard,Full-Time,USA Only/Europe Only/Canada Only,https://weworkremotely.com/remote-jobs/niceboard-senior-full-stack-developer
PHP Fullstack Engineer (Laravel),Prep Kitchen,Full-Time,Latin America Only/Europe Only/UK Only,https://weworkremotely.com/remote-jobs/prep-kitchen-php-fullstack-engineer-laravel
Donable¬Æ Agent ,Donable¬Æ,Contract,USA Only,https://weworkremotely.com/remote-jobs/donable-donable-agent
Growth Marketer ,Madkudu,Full-Time,Anywhere in the World,https://weworkremotely.com/remote-jobs/madkudu-growth-marketer
Senior Systems Analyst,BaxEnergy,Full-Time,Anywhere in the World,https://weworkremotely.com/remote-jobs/baxenergy-senior-systems-analyst
"Cloud SysAdmin/DevOps (Remote, Contractor or Employment)",CData Virtuality,Full-Time,Anywhere in the World,https://weworkremotely.com/remote-jobs/cdata-virtuality-cloud-sysadmin-devops-remote-contractor-or-employment
Outbound Expert for Trigger-Based Marketing Lead Lists,Contra,Contract,Anywhere in the World,https://weworkremotely.com/remote-jobs/contra-outbound-expert-for-trigger-based-marketing-lead-lists
WordPress Lead Developer,Strategy11,Full-Time,Anywhere in the World,https://weworkremotely.com/remote-jobs/strategy11-wordpress-lead-developer
"Senior Open Source Developer & DevOps (Python, Django, React, AWS/Kubernetes)",OpenCraft,Full-Time,Anywhere in the World,https://weworkremotely.com/remote-jobs/opencraft-senior-open-source-developer-devops-python-django-react-aws-kubernetes
Senior Full-stack React & Python Developer,Lemon.io,Full-Time,Latin America Only/Europe Only/UK Only/Canada Only/Asia Only/Oceania Only,https://weworkremotely.com/remote-jobs/lemon-io-senior-full-stack-react-python-developer
Senior Next.js Developer,Proxify AB,Full-Time,Latin America Only/Europe Only/EMEA Only,https://weworkremotely.com/remote-jobs/proxify-ab-senior-next-js-developer
AWS Database Aministrator- Cyprus,XM,Full-Time,Europe Only,https://weworkremotely.com/remote-jobs/xm-aws-database-aministrator-cyprus
Tech Lead,Customs Info,Full-Time,Americas Only/Europe Only,https://weworkremotely.com/remote-jobs/customs-info-tech-lead
Senior Systems Engineer,Automattic,Full-Time,Anywhere in the World,https://weworkremotely.com/remote-jobs/automattic-senior-systems-engineer-2
"Senior Full Stack Engineer (Rails/Nuxt, 100% Remote)",LegalNature,Full-Time,Anywhere in the World,https://weworkremotely.com/remote-jobs/legalnature-senior-full-stack-engineer-rails-nuxt-100-remote
Remote High-Ticket Sales Development Expert ,Copy Sharks,Full-Time,Anywhere in the World,https://weworkremotely.com/remote-jobs/copy-sharks-remote-high-ticket-sales-development-expert
Cloud Engineer,Magnolia International Ltd.,Full-Time,Europe Only,https://weworkremotely.com/remote-jobs/magnolia-international-ltd-cloud-engineer
Director of Project Management,Sanctuary Computer & XXIX,Full-Time,Anywhere in the World,https://weworkremotely.com/remote-jobs/sanctuary-computer-xxix-director-of-project-management
Full-Stack Software Developer,Apex Hosting LLC,Full-Time,USA Only,https://weworkremotely.com/remote-jobs/apex-hosting-llc-full-stack-software-developer
Wanted: World-class executive assistant for overloaded entrepreneur (London),Listening to the Other Side,Full-Time,UK Only,https://weworkremotely.com/remote-jobs/listening-to-the-other-side-wanted-world-class-executive-assistant-for-overloaded-entrepreneur-london
Ruby on Rails Developer,OnTheGoSystems,Contract,EMEA Only,https://weworkremotely.com/remote-jobs/onthegosystems-ruby-on-rails-developer-5
Financial Analyst,Flag Theory,Full-Time,Anywhere in the World,https://weworkremotely.com/remote-jobs/flag-theory-financial-analyst-1
Freelance UX Designer for Social Impact Design Agency (Remote - USA Only),Constructive,Full-Time,USA Only,https://weworkremotely.com/remote-jobs/constructive-freelance-ux-designer-for-social-impact-design-agency-remote-usa-only
 Senior PHP/Laravel Developer - DevOps and Cloud Specialist ,Interaction Design Foundation - IxDF,Full-Time,Anywhere in the World,https://weworkremotely.com/remote-jobs/interaction-design-foundation-ixdf-senior-php-laravel-developer-devops-and-cloud-specialist
Senior Back-End Engineer,Float,Full-Time,Anywhere in the World,https://weworkremotely.com/remote-jobs/float-senior-back-end-engineer
PHP Backend Developer with WHMCS Experience,RapidSeedbox Ltd,Full-Time,Americas Only/Europe Only/UK Only/Canada Only/Asia Only,https://weworkremotely.com/remote-jobs/rapidseedbox-ltd-php-backend-developer-with-whmcs-experience
Senior Full-Stack .NET developer,Wordwall,Full-Time,Anywhere in the World,https://weworkremotely.com/remote-jobs/wordwall-senior-full-stack-net-developer-12
"Senior Software Engineer, Platform",Speechify Inc,Full-Time,Anywhere in the World,https://weworkremotely.com/remote-jobs/speechify-inc-senior-software-engineer-platform
Partnership Manager,BBE Marketing Inc,Full-Time,Anywhere in the World,https://weworkremotely.com/remote-jobs/bbe-marketing-inc-partnership-manager-14
SEO Strategist Usd $800-$1500 ,DM Design Studio,Full-Time,Anywhere in the World,https://weworkremotely.com/remote-jobs/dm-design-studio-seo-strategist-usd-800-1500
Knowledge Manager,komoot,Full-Time,Europe Only,https://weworkremotely.com/remote-jobs/komoot-knowledge-manager
Senior Director of Customer Onboarding,Aligned Solutions,Full-Time,USA Only,https://weworkremotely.com/remote-jobs/aligned-solutions-senior-director-of-customer-onboarding
Senior React & React Native Developer,Lemon.io,Full-Time,Latin America Only/Europe Only/UK Only/Asia Only/Oceania Only,https://weworkremotely.com/remote-jobs/lemon-io-senior-react-react-native-developer-3
Middle/Senior Software Engineer (Typescript) - Europe,Rollstack,Contract,Europe Only,https://weworkremotely.com/remote-jobs/rollstack-middle-senior-software-engineer-typescript-europe
Senior Software Engineer,Zuub,Full-Time,USA Only,https://weworkremotely.com/remote-jobs/zuub-senior-software-engineer
Senior Product Manager,iNaturalist,Full-Time,North America Only,https://weworkremotely.com/remote-jobs/inaturalist-senior-product-manager
Site Reliability Engineer,Float,Full-Time,Anywhere in the World,https://weworkremotely.com/remote-jobs/float-site-reliability-engineer
Senior Frontend Engineer (f/m/d),Perspective.co,Full-Time,Europe Only,https://weworkremotely.com/remote-jobs/perspective-co-senior-frontend-engineer-f-m-d
Expert/Tutor in STEM Subjects,Livingston Research,Contract,Anywhere in the World,https://weworkremotely.com/remote-jobs/livingston-research-expert-tutor-in-stem-subjects-1
"Senior Backend Engineer, Tech Lead ",goLance,Full-Time,Latin America Only/Europe Only,https://weworkremotely.com/remote-jobs/golance-senior-backend-engineer-tech-lead
user researcher,tscgcompany,Full-Time,USA Only,https://weworkremotely.com/remote-jobs/tscgcompany-user-researcher
Senior Full Stack Software Developer,Evident Change,Full-Time,USA Only,https://weworkremotely.com/remote-jobs/evident-change-senior-full-stack-software-developer
Senior Project Manager (Kajabi + ClickFunnel Experience),HelloChakra LLC,Full-Time,North America Only/Latin America Only/Europe Only/UK Only/Canada Only/Asia Only,https://weworkremotely.com/remote-jobs/hellochakra-llc-senior-project-manager-kajabi-clickfunnel-experience
Electron Developer,Cullen Kelly Color,Contract,Anywhere in the World,https://weworkremotely.com/remote-jobs/cullen-kelly-color-electron-developer
(Remote) - Virtual Assistant - 18.00 - 21.00/hour,NoGigiddy,Contract,Anywhere in the World,https://weworkremotely.com/remote-jobs/nogigiddy-remote-virtual-assistant-18-00-21-00-hour-1
Senior React.js & Ruby Developer,Lemon.io,Full-Time,Latin America Only/Europe Only/UK Only/Canada Only/Asia Only/Oceania Only,https://weworkremotely.com/remote-jobs/lemon-io-senior-react-js-ruby-developer
"Advertising Platform Specialist‚Äî full time ‚Äî$60,000 / year + benefits (Locations: Arizona, California, Florida, Idaho, Oregon, Pennsylvania, Texas, or Washington)",Porkbun,Full-Time,USA Only,https://weworkremotely.com/remote-jobs/porkbun-advertising-platform-specialist-full-time-60-000-year-benefits-locations-arizona-california-florida
Senior QA Engineer,Scripta Insights,Contract,USA Only/Latin America Only,https://weworkremotely.com/remote-jobs/scripta-insights-senior-qa-engineer-1
"Senior Java/Web Developer (Remote 4 day, 32 hour work week)",Spider Strategies,Full-Time,USA Only,https://weworkremotely.com/remote-jobs/spider-strategies-senior-java-web-developer-remote-4-day-32-hour-work-week
Senior Full-Stack Engineer,Nordhealth,Full-Time,Europe Only,https://weworkremotely.com/remote-jobs/nordhealth-senior-full-stack-engineer
PPC Specialist,GMass,Contract,Anywhere in the World,https://weworkremotely.com/remote-jobs/gmass-ppc-specialist
Senior Data Engineer,Scripta Insights,Contract,USA Only/Latin America Only,https://weworkremotely.com/remote-jobs/scripta-insights-senior-data-engineer
FlutterFlow Developer Needed for App Issue Resolution,Contra,Full-Time,USA Only,https://weworkremotely.com/remote-jobs/contra-flutterflow-developer-needed-for-app-issue-resolution
Partnerships Manager,OnTheGoSystems,Contract,Europe Only,https://weworkremotely.com/remote-jobs/onthegosystems-partnerships-manager
Developer Advocate (CKEditor Team),Tiugo Technologies,Full-Time,Europe Only,https://weworkremotely.com/remote-jobs/tiugo-technologies-developer-advocate-ckeditor-team
üé® Visual Designer,MapTiler,Full-Time,Europe Only,https://weworkremotely.com/remote-jobs/maptiler-visual-designer
Senior PHP/Laravel Developer - Security Specialist¬†,Interaction Design Foundation - IxDF,Full-Time,Anywhere in the World,https://weworkremotely.com/remote-jobs/interaction-design-foundation-ixdf-senior-php-laravel-developer-security-specialist
Senior Creative Strategist (m/w/d) - Vollzeit - 100% remote,everydays,Full-Time,Anywhere in the World,https://weworkremotely.com/remote-jobs/everydays-senior-creative-strategist-m-w-d-vollzeit-100-remote
Freelance Digital Strategist for Social Impact Design Agency (Remote - USA Only),Constructive,Contract,USA Only,https://weworkremotely.com/remote-jobs/constructive-freelance-digital-strategist-for-social-impact-design-agency-remote-usa-only
Controller,Givebutter,Full-Time,USA Only,https://weworkremotely.com/remote-jobs/givebutter-controller
Head of Engineering,iNaturalist,Full-Time,North America Only,https://weworkremotely.com/remote-jobs/inaturalist-head-of-engineering
Senior .NET Developer,Storyteller,Full-Time,Europe Only/UK Only,https://weworkremotely.com/remote-jobs/storyteller-senior-net-developer-1
Director of Client Success,Growtoro,Full-Time,Anywhere in the World,https://weworkremotely.com/remote-jobs/growtoro-director-of-client-success
Senior Software Engineer,Pinpoint ,Full-Time,Europe Only/UK Only,https://weworkremotely.com/remote-jobs/pinpoint-senior-software-engineer
Content Creator,Marker Video,Contract,USA Only/UK Only/Canada Only/Oceania Only,https://weworkremotely.com/remote-jobs/marker-video-content-creator-1
Senior Linux AWS DevOps Engineer,SimplyAnalytics,Full-Time,Americas Only,https://weworkremotely.com/remote-jobs/simplyanalytics-senior-linux-aws-devops-engineer-1
"PPC Specialist (U.S. Based, Remote)",SimpleTiger,Full-Time,USA Only,https://weworkremotely.com/remote-jobs/simpletiger-ppc-specialist-u-s-based-remote
Mid-Level Marketing Programs Manager ,Spider Strategies,Full-Time,USA Only,https://weworkremotely.com/remote-jobs/spider-strategies-mid-level-marketing-programs-manager
Account Executive (f/m/d) - US West Coast Remote,Hygraph,Full-Time,USA Only,https://weworkremotely.com/remote-jobs/hygraph-account-executive-f-m-d-us-west-coast-remote
Account Executive (f/m/d) - US East Coast Remote,Hygraph,Full-Time,USA Only,https://weworkremotely.com/remote-jobs/hygraph-account-executive-f-m-d-us-east-coast-remote
"Senior Software Engineer, Core Experiences (Kotlin Multiplatform or Java)",Speechify Inc,Full-Time,Anywhere in the World,https://weworkremotely.com/remote-jobs/speechify-inc-senior-software-engineer-core-experiences-kotlin-multiplatform-or-java
Senior Platform Product Manager,Illustrative Mathematics K‚Äì12 Math,Full-Time,USA Only,https://weworkremotely.com/remote-jobs/illustrative-mathematics-k-12-math-senior-platform-product-manager
Marketing Manager,xoangels,Full-Time,USA Only/North America Only/Europe Only/UK Only/Canada Only,https://weworkremotely.com/remote-jobs/xoangels-marketing-manager
WHMCS Web Development Team Lead,RapidSeedbox Ltd,Full-Time,Europe Only/Asia Only,https://weworkremotely.com/remote-jobs/rapidseedbox-ltd-whmcs-web-development-team-lead
"Full Stack Developer (Drupal & WordPress) for Social Impact Design Agency (Remote, Time Zones: Americas ONLY)",Constructive,Full-Time,Americas Only,https://weworkremotely.com/remote-jobs/constructive-full-stack-developer-drupal-wordpress-for-social-impact-design-agency-remote-time-zones
DevOps Lead,goLance,Contract,Latin America Only/Europe Only,https://weworkremotely.com/remote-jobs/golance-devops-lead
Lead Support Engineer,goLance,Contract,Europe Only,https://weworkremotely.com/remote-jobs/golance-lead-support-engineer
Senior Laravel Backend Developer‚Äì Cyprus,XM,Full-Time,Europe Only,https://weworkremotely.com/remote-jobs/xm-senior-laravel-backend-developer-cyprus
Senior Rails + Stimulus Dev - The Rails Way! üõ§Ô∏è,Nearcut,Full-Time,Anywhere in the World,https://weworkremotely.com/remote-jobs/nearcut-senior-rails-stimulus-dev-the-rails-way-1
Account Executive,Heal.me,Full-Time,North America Only,https://weworkremotely.com/remote-jobs/heal-me-account-executive-1
